name,department_id
1-01,1474
1-02,1474
1-03,1474
1-04,1474
1-05,1474
1-06,1474
1-07,1474
1-08,1474
1-09,1474
1-10,1474
1-11,1474
1-12,1474
1-13,1474
1-14,1474
1-15,1474
1-16,1474
1-17,1474
1-18,1474
1-19,1474
1-20,1474
2-01,1475
2-02,1475
2-03,1475
2-04,1475
2-05,1475
2-06,1475
2-07,1475
2-08,1475
2-09,1475
2-10,1475
2-11,1475
2-12,1475
2-13,1475
2-14,1475
2-15,1475
2-16,1475
2-17,1475
2-18,1475
2-19,1475
2-20,1475
3-01,1476
3-02,1476
3-03,1476
3-04,1476
3-05,1476
3-06,1476
3-07,1476
3-08,1476
3-09,1476
3-10,1476
3-11,1476
3-12,1476
3-13,1476
3-14,1476
3-15,1476
3-16,1476
3-17,1476
3-18,1476
3-19,1476
3-20,1476
4-01,1477
4-02,1477
4-03,1477
4-04,1477
4-05,1477
4-06,1477
4-07,1477
4-08,1477
4-09,1477
4-10,1477
4-11,1477
4-12,1477
4-13,1477
4-14,1477
4-15,1477
4-16,1477
4-17,1477
4-18,1477
4-19,1477
4-20,1477